event,question,condition_id,clob_token,pre_kickoff_price,resolved_yes,volume,n_wallets
world-cup-nation-to-reach-final,Will Mexico reach the 2026 FIFA World Cup final?,0x0cb2ec02d56d1dfdac788428b40a0e6ffcc0476c02602b21db91688cf74516e6,44875352804270966260326725617943549165054912423727317327254824975565921809445,,0.0,1195158.773526001,839
world-cup-nation-to-reach-final,Will South Korea reach the 2026 FIFA World Cup final?,0x50aa90e1d6657519c4f9f931e9374cfb6d1dd24dc6bb8d3c9680dba6efd9c9e3,94961458492987151516073107390688592032511087599329809670331430517962676662909,,0.0,12028.567741,49
world-cup-nation-to-reach-final,Will South Africa reach the 2026 FIFA World Cup final?,0x631a7b9f9d7649360f6873024da6a1d2cd1db1f2a2a72e99c41da90e26eb8ce0,98222803325146729606929277746136334327963065320713156564688955976673816492780,,0.0,11374.581241,26
world-cup-nation-to-reach-final,Will Czechia reach the 2026 FIFA World Cup final?,0xf9da5b6b2668d0e9015d68f29f8ca5af6ebd1c9c1655a4b121db7da89232394f,106053936361505732142390435592980671666236652113761045874815721247502983378223,,0.0,7441.583280000001,29
world-cup-nation-to-reach-final,Will Canada reach the 2026 FIFA World Cup final?,0x058f64dd02b0d5cf0662d577f9b8d46cb27a4e1bdffa13eff06d94d3298b46b6,89213630165214047229558386221609640009027601327751312513236271512008084172785,,0.0,60775.80510400002,141
world-cup-nation-to-reach-final,Will Switzerland reach the 2026 FIFA World Cup final?,0xf812cd60daad3492c2bbf7a0f1e8ca5574c2d72a5602f6ed8e65547508cd86e2,2032868846159953092745022941521179604230025014125771596734795991303090319311,,0.0,355914.0415620003,539
world-cup-nation-to-reach-final,Will Qatar reach the 2026 FIFA World Cup final?,0x42ade71493164079529663adbf3568532f6329749a4ed2675f66ebf1757c1cdd,83717954047870157884783028818673021299949283920572315696558577356177823850211,,0.0,3271.149449,15
world-cup-nation-to-reach-final,Will Bosnia and Herzegovina reach the 2026 FIFA World Cup final?,0x9584c542d5d74a257a673ff1c5b4e324ca45f54f3dff4d231cd45016cec4319e,56185919768508341781380612061207307562978721154691505770021430571090971786204,,0.0,8111.937924000001,42
world-cup-nation-to-reach-final,Will Brazil reach the 2026 FIFA World Cup final?,0xf61d3e40d7048b817257fe8348f5df9304233d57510ccba11434f45eb96093d7,34787230403043355128636001070710444359614063013416600771124899051091155533274,,0.0,135175.1355850001,428
world-cup-nation-to-reach-final,Will Morocco reach the 2026 FIFA World Cup final?,0xaeef597d962f131d0ae56979d8697a81b670e2cfc22bcc7fe24f40ea9d2b430a,89425408670207070621979825849065586507178132915358763765127245631028306353294,,0.0,479775.36669999926,604
world-cup-nation-to-reach-final,Will Scotland reach the 2026 FIFA World Cup final?,0x691ab9d1e155569f27803beb23f36bf8de726d30156f211b6d4f2e64fe637827,110399213556487580925207007168405627526348114346301541189000314036572300323545,,0.0,348972.950338,37
world-cup-nation-to-reach-final,Will Haiti reach the 2026 FIFA World Cup final?,0x60b474a2554a4e230d4a13a8617e8a23ed44ffc88edb0c3e58f1a6a7afc5f81a,11428379659050724150185534102916985411210097294416349786561786343915951590473,,0.0,1151.024832,11
world-cup-nation-to-reach-final,Will USA reach the 2026 FIFA World Cup final?,0xf0da2d17e6a966439fdb10c3623972da50825e6dbec55bf43ce651fbb8952bca,66838617789346516409327873387385715577053478133739337062169449451151113366291,,0.0,503777.87402000104,582
world-cup-nation-to-reach-final,Will Australia reach the 2026 FIFA World Cup final?,0x4b9a5727f0548b796840ec252855b4042df9908e24ad64dfe6315feb9fb5f213,53027930901936595285066521540158728681436402678545226721575273421610444403926,,0.0,15455.615954999996,57
world-cup-nation-to-reach-final,Will Paraguay reach the 2026 FIFA World Cup final?,0x5cf5dfd0b0ac6109c41cc61ee492368d95d7989be09b0854ca322974c9f86435,46621999146257804167115458493072937338146881432191375143354318743998878881629,,0.0,106092.44403599999,106
world-cup-nation-to-reach-final,Will Turkiye reach the 2026 FIFA World Cup final?,0x19f232d352d8c07eb72f982713c7d026a9e216f55fcd1982417ad720b8eaa53a,32657256882453404417977065675930607606961022843268564090372216210915153968066,,0.0,55415.304753,113
world-cup-nation-to-reach-final,Will Germany reach the 2026 FIFA World Cup final?,0xbbadf26acbae24eb7aef799d679c761efb5748855813ca237fefac798e5fbf68,115534565543700247476635950134316656514715001200265236198356268750955512149656,,0.0,101924.94049299997,229
world-cup-nation-to-reach-final,Will Ecuador reach the 2026 FIFA World Cup final?,0x55289adcf5edb69c864cdd5c58cc1819c98862165ec24039ac33146d3f35c061,16953412027502864190756202361510442521946597707718516295943248287939092789757,,0.0,32755.26246299999,100
world-cup-nation-to-reach-final,Will Ivory Coast reach the 2026 FIFA World Cup final?,0x2bc3f9f83239d0cf320c156a456ccef2a627b0648e8c859b2b0548b47f38500f,36535345694467529268146708146520194239009302169984600983180642477912069373515,,0.0,18250.732051999996,65
world-cup-nation-to-reach-final,Will Curacao reach the 2026 FIFA World Cup final?,0x73faa4237a04fc75911879d5bbda19e5d834fc8604880d4c35fbdf55b2b37efc,100980405906988727826226574920171356802267690084340572063808617177046535582153,,0.0,2379.668039,22
world-cup-nation-to-reach-final,Will Netherlands reach the 2026 FIFA World Cup final?,0xb3cd6f2687376e2fc50563b4c48213b87bee8af5b8f047a6b1b136b7d9fbc90a,27624953300324592236801443684552670084496826416005007053414490095165179656567,,0.0,82667.56984699996,349
world-cup-nation-to-reach-final,Will Japan reach the 2026 FIFA World Cup final?,0xdb7f8c5d178965b491474fdd6f18b25d2cb7042c5e300d405bffba04e8e4ea6c,53606572080560975134009349865812502868441192516108570635253416147811273387499,,0.0,188881.16708599965,318
world-cup-nation-to-reach-final,Will Tunisia reach the 2026 FIFA World Cup final?,0x40e39f6d58df031bfa795e8cf2798a6c16fc89f3a9f4b4ec80ba1ec63a4c1861,31646809936955202084285061036611159969537040435686524494469262086433935157494,,0.0,1587.094704,8
world-cup-nation-to-reach-final,Will Sweden reach the 2026 FIFA World Cup final?,0x8e508ebc36dcff88883ca4134648726032a04f83eac62cb7e9e90dcf9cd91ddd,93560219436776722791435085087704214164737269940374160098544689418609082807170,,0.0,97250.05646899999,132
world-cup-nation-to-reach-final,Will Belgium reach the 2026 FIFA World Cup final?,0xbf329eebe5d2d310f099fd9628f1c77a47646f5ce177239e03cb208c37c88137,42642733841375868250019824393895616178120731186981831192119559664402455807907,,0.0,240560.19759400046,462
world-cup-nation-to-reach-final,Will Iran reach the 2026 FIFA World Cup final?,0xea49f13c399b5fb91cbf90a52a0798b9bb5c26d72935ae6d35a9a2cf521d16df,71520448369356106309659702203743311032285116161453418031635337240077681807576,,0.0,391302.75258900004,28
world-cup-nation-to-reach-final,Will Egypt reach the 2026 FIFA World Cup final?,0x4b28dd865163ffc0f1901a7b547c4c40b3d17d14fdd67f90ef13ad38bdecba01,66346760585328821223970788885418023609942201238425199156662738983300883436572,,0.0,237929.88585499997,192
world-cup-nation-to-reach-final,Will New Zealand reach the 2026 FIFA World Cup final?,0x9ed11c0b247e8dd7b111579643812925d7ec40f02064b259a952eef9b8759147,19677928241970874393503278073308516675221528481835971602485826323969907930533,,0.0,351704.18908100005,66
world-cup-nation-to-reach-final,Will Spain reach the 2026 FIFA World Cup final?,0x8bdf55664cb17a543fef1f43bd6aeb0aa7b7849cb31620808ce258b3e2ab136d,101923360499625332788062329411404784738023855630916769561935447176668677624752,,1.0,473300.627040001,1169
world-cup-nation-to-reach-final,Will Uruguay reach the 2026 FIFA World Cup final?,0xb8fdd2a20096f85bd146bf1a862ff711eca18c6d6bc972f57a9ffea60295d962,107252965975473461077951755862490475875086384446735611728932904123764923072876,,0.0,23036.150285000003,165
world-cup-nation-to-reach-final,Will Saudi Arabia reach the 2026 FIFA World Cup final?,0x55d6c922866a4c1e00b80eec1dca2444d9d08321deee555b0b5d3f2ca9c676cd,107958992032653784011798035489426087818947572892700370739149822258837517911510,,0.0,5274.898548,20
world-cup-nation-to-reach-final,Will Cape Verde reach the 2026 FIFA World Cup final?,0xc6d38645c9f5b3dd8546786efcdaa6713c7ca4ee29c90870add6e7efa14a62bb,109984296983427265249754825749207260386091408367458057875764685127642783134831,,0.0,196173.01463299993,125
world-cup-nation-to-reach-final,Will France reach the 2026 FIFA World Cup final?,0x125c399641397f7b7cc111f3729999e32154a916deb1161527af031decde1f77,51277730199673248502312053152395889329467978674848674323688606017636121233913,,0.0,1713890.6013809936,2986
world-cup-nation-to-reach-final,Will Senegal reach the 2026 FIFA World Cup final?,0xc85c74ebc2faa04616e18e317f5691046f831552329778891a1879d01c8ae414,96379145799894008999885048827643456334848234082069090149922694945843459341574,,0.0,25792.43971999999,107
world-cup-nation-to-reach-final,Will Norway reach the 2026 FIFA World Cup final?,0x224488d5b8e4e454c6f7ed545bd56d3d5768b582eee6bbddf286ad5ccd8adadf,23063155955271078819366528095108117847939210886304219398997160384062018779310,,0.0,689414.8660879991,993
world-cup-nation-to-reach-final,Will Iraq reach the 2026 FIFA World Cup final?,0x5e36639856ef01717c489cee6dea2e732908aec877d4b166c9cf4be1f9d175d3,29746829115115506293839049748280579976567123429883978466588635800487335160109,,0.0,550874.2253330002,19
world-cup-nation-to-reach-final,Will Argentina reach the 2026 FIFA World Cup final?,0x328583376667b725cc6848dc9b61b205579b1314ecdb4334ea245aec270d2c66,29655164621652735807988359935603921446734809810207924831871042520148753286761,,1.0,1602154.1420459966,2353
world-cup-nation-to-reach-final,Will Austria reach the 2026 FIFA World Cup final?,0x0a6b2fa9419bf25818035efdacf1c48c206d68f6df2f8b5aee641f3d1780341b,99971116202989392506156676618829001933113056307031345501563101988141024743072,,0.0,14017.291194999996,67
world-cup-nation-to-reach-final,Will Algeria reach the 2026 FIFA World Cup final?,0x0f249191f4ea8283d6ce045431ac27dfc9ff98a597dfe0feb805a28b82adfba4,58023433617512912124644088801315799062536398338906797959623467653229911213369,,0.0,29200.427089,51
world-cup-nation-to-reach-final,Will Jordan reach the 2026 FIFA World Cup final?,0x522fd0f8c21e522828a660252df7cd99459fdcaf790ca058fd5f7df1a459fe5b,57650666279885466522299250397848580797356339068987533243847940984188276171058,,0.0,2156.521909,15
world-cup-nation-to-reach-final,Will Portugal reach the 2026 FIFA World Cup final?,0x0ad867208540846e9cc09dc722daff9dfba753afc985e145c81edbb82fb500e5,78512201071473916877180477359507111087054980172241483782475280980291290538026,,0.0,508937.8416629999,794
world-cup-nation-to-reach-final,Will Colombia reach the 2026 FIFA World Cup final?,0x275d4fd1c7422fedb53dff0a97bf422a0255d289e527105cdef3357b83f64e29,87874922573280957405073053711998890628107829783535977397504480554710455392553,,0.0,244789.43301899996,593
world-cup-nation-to-reach-final,Will Uzbekistan reach the 2026 FIFA World Cup final?,0x5a59b33ae24f5549ad3711071a4764e279f4d7fb488190ad4495d5b573b4f116,40940842425232073315332232262863724042587357884635453035794995995514366584786,,0.0,1630245.41164,28
world-cup-nation-to-reach-final,Will DR Congo reach the 2026 FIFA World Cup final?,0x286b584db2685580d4297e4d98c8ddfa900cd8765f62d8e546c3edbdfb8a60c6,38593765238049325617624980356892544052773960362648072236909224701024279194392,,0.0,12654.731551,46
world-cup-nation-to-reach-final,Will England reach the 2026 FIFA World Cup final?,0x2bf419aa66753cd95324dfe102ad2d0d5bdb0205cf52735a389134b78f2b2139,38330908233013235601308136733112038101325243427323717348299316649415227409423,,0.0,1101009.1598569828,1657
world-cup-nation-to-reach-final,Will Croatia reach the 2026 FIFA World Cup final?,0xf66f166ef5b30b74fdcd4a5be870393e05b874074ba5c9c2180b1b9d781706d7,85064257073656890473820528984283875469178323697052988840857974465380428386632,,0.0,42301.88189700001,213
world-cup-nation-to-reach-final,Will Panama reach the 2026 FIFA World Cup final?,0x8f29ecb911257a128b7f7234ac9e8a8ac6390ff9f5329d4797c50c44c9ae97f4,48467828520127803325454535516288303896003718835635612582835547340950099859296,,0.0,1225.999282,13
world-cup-nation-to-reach-final,Will Ghana reach the 2026 FIFA World Cup final?,0xf10e7756cd1cdfc69d747008d79481dbc260f99bcbaaa7bba2c32670af194372,64682656659798246959546439432299964675081675913724973628044785045505636311297,,0.0,11357.209932000005,57
